{
  "baseline": "remote_fix",
  "model_id": "openai/whisper-tiny",
  "device": "Djinn remote (localhost:5556)",
  "dtype": "float16",
  "backend": "djinn",
  "djinn_server": "localhost:5556",
  "sample_rate": 16000,
  "chunk_seconds": 0.2,
  "stride_seconds": 0.2,
  "runs": [
    {
      "run_id": 1,
      "total_time_ms": 452.91250571608543,
      "chunks": [
        {
          "chunk_id": 1,
          "start_s": 0.0,
          "end_s": 0.2,
          "chunk_duration_s": 0.2,
          "latency_ms": 446.23749796301126,
          "per_token_ms": 111.55937449075282,
          "tokens": 4,
          "host_to_device_mb": 0.9155502319335938,
          "device_to_host_mb": 3.0517578125e-05,
          "transcript": null
        }
      ],
      "aggregates": {
        "chunk_latency_ms": {
          "mean": 446.23749796301126,
          "median": 446.23749796301126,
          "p95": 446.23749796301126,
          "min": 446.23749796301126,
          "max": 446.23749796301126
        },
        "chunk_per_token_ms": {
          "mean": 111.55937449075282,
          "median": 111.55937449075282,
          "p95": 111.55937449075282,
          "min": 111.55937449075282,
          "max": 111.55937449075282
        },
        "chunk_throughput_audio_sec_per_sec": {
          "mean": 0.4481918281474814,
          "median": 0.4481918281474814,
          "p95": 0.4481918281474814,
          "min": 0.4481918281474814,
          "max": 0.4481918281474814
        }
      },
      "gpu": {
        "gpu_util_pct": null,
        "mem_util_pct": null,
        "mem_used_mb": null
      }
    }
  ],
  "library_versions": {
    "torch": "2.9.0+cu128",
    "torchaudio": "2.9.0+cu128",
    "transformers": "4.57.1"
  },
  "meta": {
    "audio_file": null,
    "dummy_audio_seconds": 0.2,
    "language": "en",
    "task": "transcribe",
    "sample_gpu": false
  }
}