{
  "metadata": {
    "driver": "synthetic",
    "policy": "qos",
    "timestamp": "2025-11-23T15:21:26.300321+00:00",
    "config_path": "Evaluation/exp4_2_qos/configs/qos_mix.yaml",
    "duration_s": 60
  },
  "metrics": {
    "per_class": {
      "realtime": {
        "count": 125,
        "latency_ms": {
          "p50": 27.991781572403852,
          "p90": 29.52606675836796,
          "p99": 31.12141122887493
        },
        "sla_violation_rate": 1.0
      },
      "interactive": {
        "count": 73,
        "latency_ms": {
          "p50": 75.71186774042872,
          "p90": 78.07475600160397,
          "p99": 79.3852038760492
        },
        "sla_violation_rate": 0.0
      },
      "batch": {
        "count": 29,
        "latency_ms": {
          "p50": 267.60922676819973,
          "p90": 268.82554425557026,
          "p99": 271.1599704065591
        },
        "sla_violation_rate": null
      }
    },
    "total_requests": 227,
    "policy": "qos",
    "duration_s": 60.0
  }
}