{
  "num_steps": 10,
  "latencies_ms": [
    6.731271743774414,
    6.251335144042969,
    6.301641464233398,
    6.269216537475586,
    6.234645843505859,
    6.292819976806641,
    6.291627883911133,
    6.2427520751953125,
    6.249427795410156,
    6.236553192138672
  ],
  "avg_latency_ms": 6.310129165649414,
  "total_ms": 63.10129165649414,
  "strategy": "no_colocation"
}