{
  "num_steps": 10,
  "latencies_ms": [
    0.7586479187011719,
    0.36907196044921875,
    0.3581047058105469,
    0.35500526428222656,
    0.34308433532714844,
    0.34499168395996094,
    0.3421306610107422,
    0.3421306610107422,
    0.34499168395996094,
    0.3445148468017578
  ],
  "avg_latency_ms": 0.39026737213134766,
  "total_ms": 3.9026737213134766,
  "strategy": "with_colocation"
}