{
  "baseline": "test",
  "model_id": "sshleifer/tiny-gpt2",
  "prompt_tokens": 72,
  "new_tokens": 50,
  "batch_size": 1,
  "runs": [
    {
      "total_ms": 198.1482468545437,
      "per_token_ms": 3.9629649370908737,
      "tokens_generated": 50,
      "throughput_tokens_per_s": 252.3363228981981,
      "host_to_device_mb": 0.00054931640625,
      "device_to_host_mb": 0.0009307861328125,
      "gpu_util_pct": null,
      "mem_util_pct": null,
      "mem_used_mb": null,
      "generated_text": null,
      "run_id": 1
    },
    {
      "total_ms": 198.00315145403147,
      "per_token_ms": 3.9600630290806293,
      "tokens_generated": 50,
      "throughput_tokens_per_s": 252.52123328758245,
      "host_to_device_mb": 0.00054931640625,
      "device_to_host_mb": 0.0009307861328125,
      "gpu_util_pct": null,
      "mem_util_pct": null,
      "mem_used_mb": null,
      "generated_text": null,
      "run_id": 2
    },
    {
      "total_ms": 197.76409026235342,
      "per_token_ms": 3.9552818052470684,
      "tokens_generated": 50,
      "throughput_tokens_per_s": 252.8264860100239,
      "host_to_device_mb": 0.00054931640625,
      "device_to_host_mb": 0.0009307861328125,
      "gpu_util_pct": null,
      "mem_util_pct": null,
      "mem_used_mb": null,
      "generated_text": null,
      "run_id": 3
    }
  ],
  "aggregates": {
    "total_ms": {
      "mean": 197.97182952364287,
      "median": 198.00315145403147,
      "p95": 198.13373731449246,
      "min": 197.76409026235342,
      "max": 198.1482468545437
    },
    "per_token_ms": {
      "mean": 3.959436590472857,
      "median": 3.9600630290806293,
      "p95": 3.9626747462898493,
      "min": 3.9552818052470684,
      "max": 3.9629649370908737
    },
    "throughput_tokens_per_s": {
      "mean": 252.56134739860147,
      "median": 252.52123328758245,
      "p95": 252.79596073777975,
      "min": 252.3363228981981,
      "max": 252.8264860100239
    }
  },
  "device": "NVIDIA L4",
  "dtype": "float16",
  "seed": 42,
  "library_versions": {
    "torch": "2.9.0+cu128",
    "transformers": "4.57.1"
  },
  "meta": {
    "prompt_file": "Evaluation/exp2_1_llm_decode/configs/prompt.txt",
    "prompt_text": null,
    "sample_gpu": false
  }
}