{
  "baseline": "partially_aware",
  "model_id": "gpt2",
  "prompt_tokens": 32,
  "new_tokens": 10,
  "batch_size": 1,
  "runs": [
    {
      "total_ms": 441.38416461646557,
      "per_token_ms": 44.13841646164656,
      "tokens_generated": 10,
      "throughput_tokens_per_s": 22.65600083022769,
      "host_to_device_mb": 0.0055694580078125,
      "device_to_host_mb": 69.9760627746582,
      "gpu_util_pct": null,
      "mem_util_pct": null,
      "mem_used_mb": null,
      "generated_text": "The KV cache is a single-threaded",
      "run_id": 1
    },
    {
      "total_ms": 464.53077252954245,
      "per_token_ms": 46.453077252954245,
      "tokens_generated": 10,
      "throughput_tokens_per_s": 21.5270991532946,
      "host_to_device_mb": 0.0055694580078125,
      "device_to_host_mb": 69.9760627746582,
      "gpu_util_pct": null,
      "mem_util_pct": null,
      "mem_used_mb": null,
      "generated_text": "The KV cache is a single-threaded",
      "run_id": 2
    },
    {
      "total_ms": 460.085466504097,
      "per_token_ms": 46.0085466504097,
      "tokens_generated": 10,
      "throughput_tokens_per_s": 21.735092125347435,
      "host_to_device_mb": 0.0055694580078125,
      "device_to_host_mb": 69.9760627746582,
      "gpu_util_pct": null,
      "mem_util_pct": null,
      "mem_used_mb": null,
      "generated_text": "The KV cache is a single-threaded",
      "run_id": 3
    }
  ],
  "aggregates": {
    "total_ms": {
      "mean": 455.3334678833683,
      "median": 460.085466504097,
      "p95": 464.0862419269979,
      "min": 441.38416461646557,
      "max": 464.53077252954245
    },
    "per_token_ms": {
      "mean": 45.533346788336836,
      "median": 46.0085466504097,
      "p95": 46.40862419269979,
      "min": 44.13841646164656,
      "max": 46.453077252954245
    },
    "throughput_tokens_per_s": {
      "mean": 21.972730702956575,
      "median": 21.735092125347435,
      "p95": 22.563909959739664,
      "min": 21.5270991532946,
      "max": 22.65600083022769
    }
  },
  "device": "Djinn remote (localhost:5556)",
  "dtype": "float16",
  "backend": "djinn",
  "djinn_server": "localhost:5556",
  "seed": 42,
  "library_versions": {
    "torch": "2.9.0+cu128",
    "transformers": "4.57.1"
  },
  "meta": {
    "prompt_file": null,
    "prompt_text": null,
    "sample_gpu": false
  }
}