{
  "baseline": "partially_aware",
  "model_id": "gpt2",
  "prompt_tokens": 32,
  "new_tokens": 10,
  "batch_size": 1,
  "runs": [
    {
      "total_ms": 356.806923635304,
      "per_token_ms": 35.6806923635304,
      "tokens_generated": 10,
      "throughput_tokens_per_s": 28.026361983438143,
      "host_to_device_mb": 0.0055694580078125,
      "device_to_host_mb": 69.9760627746582,
      "gpu_util_pct": null,
      "mem_util_pct": null,
      "mem_used_mb": null,
      "generated_text": "The KV cache is a single-threaded",
      "run_id": 1
    },
    {
      "total_ms": 352.59446781128645,
      "per_token_ms": 35.259446781128645,
      "tokens_generated": 10,
      "throughput_tokens_per_s": 28.36119370242684,
      "host_to_device_mb": 0.0055694580078125,
      "device_to_host_mb": 69.9760627746582,
      "gpu_util_pct": null,
      "mem_util_pct": null,
      "mem_used_mb": null,
      "generated_text": "The KV cache is a single-threaded",
      "run_id": 2
    },
    {
      "total_ms": 353.07931806892157,
      "per_token_ms": 35.30793180689216,
      "tokens_generated": 10,
      "throughput_tokens_per_s": 28.322247971624286,
      "host_to_device_mb": 0.0055694580078125,
      "device_to_host_mb": 69.9760627746582,
      "gpu_util_pct": null,
      "mem_util_pct": null,
      "mem_used_mb": null,
      "generated_text": "The KV cache is a single-threaded",
      "run_id": 3
    }
  ],
  "aggregates": {
    "total_ms": {
      "mean": 354.16023650517064,
      "median": 353.07931806892157,
      "p95": 356.43416307866573,
      "min": 352.59446781128645,
      "max": 356.806923635304
    },
    "per_token_ms": {
      "mean": 35.41602365051707,
      "median": 35.30793180689216,
      "p95": 35.64341630786657,
      "min": 35.259446781128645,
      "max": 35.6806923635304
    },
    "throughput_tokens_per_s": {
      "mean": 28.236601219163088,
      "median": 28.322247971624286,
      "p95": 28.357299129346583,
      "min": 28.026361983438143,
      "max": 28.36119370242684
    }
  },
  "device": "Djinn remote (localhost:5556)",
  "dtype": "float16",
  "backend": "djinn",
  "djinn_server": "localhost:5556",
  "seed": 42,
  "library_versions": {
    "torch": "2.9.0+cu128",
    "transformers": "4.57.1"
  },
  "meta": {
    "prompt_file": null,
    "prompt_text": null,
    "sample_gpu": false
  }
}