{
  "config": "Evaluation/exp5_1_overhead/configs/overhead_smoke.yaml",
  "experiment": {
    "device": "cuda:0",
    "dtype": "float16",
    "runs": 3,
    "warmup_runs": 1,
    "tag": "smoke",
    "result_dir": "Evaluation/exp5_1_overhead/results",
    "djinn_server_address": "localhost:5556",
    "reference_baseline": "native_pytorch",
    "blind_baseline": "semantic_blind",
    "target_baseline": "full_djinn"
  },
  "workload": {
    "workload": "vit_like",
    "category": "vision",
    "timestamp": "2025-11-23T18:32:38.981861+00:00",
    "results": [
      {
        "baseline": "native_pytorch",
        "runner_type": "local_synthetic",
        "runs": [
          {
            "run_id": 1,
            "latency_ms": 8.16772785037756,
            "input_mb": 4.59375,
            "output_mb": 0.030517578125,
            "total_data_mb": 4.624267578125,
            "units_processed": 16.0,
            "throughput_units_per_s": 1958.929128528736
          },
          {
            "run_id": 2,
            "latency_ms": 8.104176260530949,
            "input_mb": 4.59375,
            "output_mb": 0.030517578125,
            "total_data_mb": 4.624267578125,
            "units_processed": 16.0,
            "throughput_units_per_s": 1974.290721923631
          },
          {
            "run_id": 3,
            "latency_ms": 8.096844889223576,
            "input_mb": 4.59375,
            "output_mb": 0.030517578125,
            "total_data_mb": 4.624267578125,
            "units_processed": 16.0,
            "throughput_units_per_s": 1976.0783637210413
          }
        ],
        "aggregates": {
          "latency_ms": {
            "mean": 8.122916333377361,
            "median": 8.104176260530949,
            "p95": 8.097578026354313,
            "min": 8.096844889223576,
            "max": 8.16772785037756
          },
          "throughput_units_per_s": {
            "mean": 1969.7660713911362,
            "median": 1974.290721923631,
            "p95": 1975.8995995413004,
            "min": 1958.929128528736,
            "max": 1976.0783637210413
          },
          "total_data_mb": {
            "mean": 4.624267578125,
            "median": 4.624267578125,
            "p95": 4.624267578125,
            "min": 4.624267578125,
            "max": 4.624267578125
          }
        },
        "metadata": {
          "unit_name": "images",
          "device": "cuda:0",
          "dtype": "float16",
          "spec": {
            "batch_size": 16,
            "in_channels": 3,
            "image_size": 224,
            "channels": [
              64,
              128,
              256
            ],
            "num_classes": 1000,
            "unit_name": "images"
          },
          "baseline": "native_pytorch",
          "runner_type": "local_synthetic"
        },
        "derived": {}
      },
      {
        "baseline": "semantic_blind",
        "runner_type": "scaling",
        "runs": [
          {
            "run_id": 1,
            "latency_ms": 40.8386392518878,
            "input_mb": 183.75,
            "output_mb": 1.220703125,
            "total_data_mb": 184.970703125,
            "units_processed": 16.0,
            "throughput_units_per_s": 391.78582570574724
          },
          {
            "run_id": 2,
            "latency_ms": 40.52088130265474,
            "input_mb": 183.75,
            "output_mb": 1.220703125,
            "total_data_mb": 184.970703125,
            "units_processed": 16.0,
            "throughput_units_per_s": 394.8581443847262
          },
          {
            "run_id": 3,
            "latency_ms": 40.48422444611788,
            "input_mb": 183.75,
            "output_mb": 1.220703125,
            "total_data_mb": 184.970703125,
            "units_processed": 16.0,
            "throughput_units_per_s": 395.2156727442083
          }
        ],
        "aggregates": {
          "latency_ms": {
            "mean": 40.61458166688681,
            "median": 40.52088130265474,
            "p95": 40.487890131771564,
            "min": 40.48422444611788,
            "max": 40.8386392518878
          },
          "throughput_units_per_s": {
            "mean": 393.9532142782272,
            "median": 394.8581443847262,
            "p95": 395.17991990826005,
            "min": 391.78582570574724,
            "max": 395.2156727442083
          },
          "total_data_mb": {
            "mean": 184.970703125,
            "median": 184.970703125,
            "p95": 184.970703125,
            "min": 184.970703125,
            "max": 184.970703125
          }
        },
        "metadata": {
          "baseline": "semantic_blind",
          "runner_type": "scaling",
          "reference": "native_pytorch",
          "notes": "Placeholder for Djinn semantics disabled (high latency + bandwidth)"
        },
        "derived": {
          "latency_overhead_pct_vs_native_pytorch": 400.0
        }
      },
      {
        "baseline": "full_djinn",
        "runner_type": "scaling",
        "runs": [
          {
            "run_id": 1,
            "latency_ms": 9.576114242896438,
            "input_mb": 0.091875,
            "output_mb": 0.0006103515625,
            "total_data_mb": 0.0924853515625,
            "units_processed": 16.0,
            "throughput_units_per_s": 1865.6467890749866
          },
          {
            "run_id": 2,
            "latency_ms": 9.509385073557496,
            "input_mb": 0.091875,
            "output_mb": 0.0006103515625,
            "total_data_mb": 0.0924853515625,
            "units_processed": 16.0,
            "throughput_units_per_s": 1880.2768780225058
          },
          {
            "run_id": 3,
            "latency_ms": 9.501687133684754,
            "input_mb": 0.091875,
            "output_mb": 0.0006103515625,
            "total_data_mb": 0.0924853515625,
            "units_processed": 16.0,
            "throughput_units_per_s": 1881.9793940200393
          }
        ],
        "aggregates": {
          "latency_ms": {
            "mean": 9.52906215004623,
            "median": 9.509385073557496,
            "p95": 9.502456927672029,
            "min": 9.501687133684754,
            "max": 9.576114242896438
          },
          "throughput_units_per_s": {
            "mean": 1875.9676870391772,
            "median": 1880.2768780225058,
            "p95": 1881.809142420286,
            "min": 1865.6467890749866,
            "max": 1881.9793940200393
          },
          "total_data_mb": {
            "mean": 0.0924853515625,
            "median": 0.0924853515625,
            "p95": 0.09248535156250001,
            "min": 0.0924853515625,
            "max": 0.0924853515625
          }
        },
        "metadata": {
          "baseline": "full_djinn",
          "runner_type": "scaling",
          "reference": "native_pytorch",
          "notes": "Placeholder for Djinn full semantics (low data, slight framework overhead)"
        },
        "derived": {
          "latency_overhead_pct_vs_native_pytorch": 17.31084944074781,
          "speedup_vs_semantic_blind": 4.2621803727756955,
          "data_savings_pct_vs_semantic_blind": 99.95,
          "semantic_efficiency_ratio": 5.7738356712137335
        }
      }
    ]
  },
  "generated_at": "20251123T183238Z"
}