{
  "config": "Evaluation/exp5_1_overhead/configs/overhead_smoke.yaml",
  "experiment": {
    "device": "cuda:0",
    "dtype": "float16",
    "runs": 3,
    "warmup_runs": 1,
    "tag": "smoke",
    "result_dir": "Evaluation/exp5_1_overhead/results",
    "djinn_server_address": "localhost:5556",
    "reference_baseline": "native_pytorch",
    "blind_baseline": "semantic_blind",
    "target_baseline": "full_djinn"
  },
  "workload": {
    "workload": "vit_like",
    "category": "vision",
    "timestamp": "2025-11-23T18:50:03.742726+00:00",
    "results": [
      {
        "baseline": "native_pytorch",
        "runner_type": "local_synthetic",
        "runs": [
          {
            "run_id": 1,
            "latency_ms": 8.107230067253113,
            "input_mb": 4.59375,
            "output_mb": 0.030517578125,
            "total_data_mb": 4.624267578125,
            "units_processed": 16.0,
            "throughput_units_per_s": 1973.547052109391
          },
          {
            "run_id": 2,
            "latency_ms": 8.427207358181477,
            "input_mb": 4.59375,
            "output_mb": 0.030517578125,
            "total_data_mb": 4.624267578125,
            "units_processed": 16.0,
            "throughput_units_per_s": 1898.612354004384
          },
          {
            "run_id": 3,
            "latency_ms": 8.07146169245243,
            "input_mb": 4.59375,
            "output_mb": 0.030517578125,
            "total_data_mb": 4.624267578125,
            "units_processed": 16.0,
            "throughput_units_per_s": 1982.292750637904
          }
        ],
        "aggregates": {
          "latency_ms": {
            "mean": 8.201966372629007,
            "median": 8.107230067253113,
            "p95": 8.107036259025335,
            "min": 8.07146169245243,
            "max": 8.427207358181477
          },
          "throughput_units_per_s": {
            "mean": 1951.4840522505597,
            "median": 1973.547052109391,
            "p95": 1973.924710974552,
            "min": 1898.612354004384,
            "max": 1982.292750637904
          },
          "total_data_mb": {
            "mean": 4.624267578125,
            "median": 4.624267578125,
            "p95": 4.624267578125,
            "min": 4.624267578125,
            "max": 4.624267578125
          }
        },
        "metadata": {
          "unit_name": "images",
          "device": "cuda:0",
          "dtype": "float16",
          "spec": {
            "batch_size": 16,
            "in_channels": 3,
            "image_size": 224,
            "channels": [
              64,
              128,
              256
            ],
            "num_classes": 1000,
            "unit_name": "images"
          },
          "baseline": "native_pytorch",
          "runner_type": "local_synthetic"
        },
        "derived": {}
      },
      {
        "baseline": "semantic_blind",
        "runner_type": "scaling",
        "runs": [
          {
            "run_id": 1,
            "latency_ms": 40.536150336265564,
            "input_mb": 183.75,
            "output_mb": 1.220703125,
            "total_data_mb": 184.970703125,
            "units_processed": 16.0,
            "throughput_units_per_s": 394.7094104218782
          },
          {
            "run_id": 2,
            "latency_ms": 42.13603679090738,
            "input_mb": 183.75,
            "output_mb": 1.220703125,
            "total_data_mb": 184.970703125,
            "units_processed": 16.0,
            "throughput_units_per_s": 379.7224708008768
          },
          {
            "run_id": 3,
            "latency_ms": 40.357308462262154,
            "input_mb": 183.75,
            "output_mb": 1.220703125,
            "total_data_mb": 184.970703125,
            "units_processed": 16.0,
            "throughput_units_per_s": 396.4585501275808
          }
        ],
        "aggregates": {
          "latency_ms": {
            "mean": 41.00983186314503,
            "median": 40.536150336265564,
            "p95": 40.53518129512668,
            "min": 40.357308462262154,
            "max": 42.13603679090738
          },
          "throughput_units_per_s": {
            "mean": 390.29681045011193,
            "median": 394.7094104218782,
            "p95": 394.7849421949104,
            "min": 379.7224708008768,
            "max": 396.4585501275808
          },
          "total_data_mb": {
            "mean": 184.970703125,
            "median": 184.970703125,
            "p95": 184.970703125,
            "min": 184.970703125,
            "max": 184.970703125
          }
        },
        "metadata": {
          "baseline": "semantic_blind",
          "runner_type": "scaling",
          "reference": "native_pytorch",
          "notes": "Placeholder for Djinn semantics disabled (high latency + bandwidth)"
        },
        "derived": {
          "latency_overhead_pct_vs_native_pytorch": 399.9999999999999
        }
      },
      {
        "baseline": "full_djinn",
        "runner_type": "scaling",
        "runs": [
          {
            "run_id": 1,
            "latency_ms": 9.512591570615768,
            "input_mb": 0.091875,
            "output_mb": 0.0006103515625,
            "total_data_mb": 0.0924853515625,
            "units_processed": 16.0,
            "throughput_units_per_s": 1879.5686210565627
          },
          {
            "run_id": 2,
            "latency_ms": 9.84856772609055,
            "input_mb": 0.091875,
            "output_mb": 0.0006103515625,
            "total_data_mb": 0.0924853515625,
            "units_processed": 16.0,
            "throughput_units_per_s": 1808.2022419089371
          },
          {
            "run_id": 3,
            "latency_ms": 9.475034777075052,
            "input_mb": 0.091875,
            "output_mb": 0.0006103515625,
            "total_data_mb": 0.0924853515625,
            "units_processed": 16.0,
            "throughput_units_per_s": 1887.8978577503847
          }
        ],
        "aggregates": {
          "latency_ms": {
            "mean": 9.612064691260457,
            "median": 9.512591570615768,
            "p95": 9.512388071976602,
            "min": 9.475034777075052,
            "max": 9.84856772609055
          },
          "throughput_units_per_s": {
            "mean": 1858.556240238628,
            "median": 1879.5686210565627,
            "p95": 1879.92829616624,
            "min": 1808.2022419089371,
            "max": 1887.8978577503847
          },
          "total_data_mb": {
            "mean": 0.0924853515625,
            "median": 0.0924853515625,
            "p95": 0.09248535156250001,
            "min": 0.0924853515625,
            "max": 0.0924853515625
          }
        },
        "metadata": {
          "baseline": "full_djinn",
          "runner_type": "scaling",
          "reference": "native_pytorch",
          "notes": "Placeholder for Djinn full semantics (low data, slight framework overhead)"
        },
        "derived": {
          "latency_overhead_pct_vs_native_pytorch": 17.19219824330327,
          "speedup_vs_semantic_blind": 4.266495615705984,
          "data_savings_pct_vs_semantic_blind": 99.95,
          "semantic_efficiency_ratio": 5.813683543285843
        }
      }
    ]
  },
  "generated_at": "20251123T185003Z"
}