{
  "baseline": "test",
  "model_id": "openai/whisper-base",
  "device": "cpu",
  "dtype": "float32",
  "sample_rate": 16000,
  "chunk_seconds": 5.0,
  "stride_seconds": 1.0,
  "runs": [
    {
      "run_id": 1,
      "total_time_ms": 116.79939366877079,
      "chunks": [
        {
          "chunk_id": 1,
          "start_s": 0.0,
          "end_s": 5.0,
          "chunk_duration_s": 5.0,
          "latency_ms": 114.63390104472637,
          "per_token_ms": 114.63390104472637,
          "tokens": 1,
          "host_to_device_mb": 0.91552734375,
          "device_to_host_mb": 7.62939453125e-06,
          "transcript": null
        }
      ],
      "aggregates": {
        "chunk_latency_ms": {
          "mean": 114.63390104472637,
          "median": 114.63390104472637,
          "p95": 114.63390104472637,
          "min": 114.63390104472637,
          "max": 114.63390104472637
        },
        "chunk_per_token_ms": {
          "mean": 114.63390104472637,
          "median": 114.63390104472637,
          "p95": 114.63390104472637,
          "min": 114.63390104472637,
          "max": 114.63390104472637
        },
        "chunk_throughput_audio_sec_per_sec": {
          "mean": 43.61711460948332,
          "median": 43.61711460948332,
          "p95": 43.61711460948332,
          "min": 43.61711460948332,
          "max": 43.61711460948332
        }
      },
      "gpu": {
        "gpu_util_pct": null,
        "mem_util_pct": null,
        "mem_used_mb": null
      }
    }
  ],
  "library_versions": {
    "torch": "2.9.0+cu128",
    "torchaudio": "2.9.0+cu128",
    "transformers": "4.57.1"
  },
  "meta": {
    "audio_file": null,
    "dummy_audio_seconds": 5.0,
    "language": "en",
    "task": "transcribe",
    "sample_gpu": false
  }
}