{
  "experiment": "exp2_1_llm_decode",
  "model_id": "gpt2",
  "prompt_tokens": 32,
  "new_tokens": 20,
  "batch_size": 1,
  "runs_per_baseline": 5,
  "baselines": {
    "native_pytorch": {
      "mean_latency_ms": 148.71498066931963,
      "p95_latency_ms": 151.03908944875002,
      "mean_per_token_ms": 7.4357490334659815,
      "p95_per_token_ms": 7.551954472437501,
      "mean_throughput_tps": 134.5086561264627,
      "result_file": "Evaluation/exp2_1_llm_decode/results/native_pytorch/llm_decode_native_pytorch_20251125T001144Z.json",
      "data_transfer_mb": 0.000640869140625
    },
    "semantic_blind": {
      "mean_latency_ms": 296.5881936252117,
      "p95_latency_ms": 299.91217348724604,
      "mean_per_token_ms": 29.65881936252117,
      "p95_per_token_ms": 29.991217348724604,
      "mean_throughput_tps": 33.7197499233453,
      "result_file": "Evaluation/exp2_1_llm_decode/results/semantic_blind/llm_decode_semantic_blind_20251125T001133Z.json",
      "data_transfer_mb": 69.98163223266602
    },
    "partially_aware": {
      "mean_latency_ms": 602.6652947068214,
      "p95_latency_ms": 612.5446038320661,
      "mean_per_token_ms": 30.133264735341072,
      "p95_per_token_ms": 30.627230191603303,
      "mean_throughput_tps": 33.19492836659325,
      "result_file": "Evaluation/exp2_1_llm_decode/results/partially_aware/llm_decode_partially_aware_20251125T001208Z.json",
      "data_transfer_mb": 159.13631439208984
    },
    "full_djinn": {
      "mean_latency_ms": 672.2412602975965,
      "p95_latency_ms": 773.5800551250577,
      "mean_per_token_ms": 33.61206301487982,
      "p95_per_token_ms": 38.679002756252885,
      "mean_throughput_tps": 30.018562844436158,
      "result_file": "Evaluation/exp2_1_llm_decode/results/full_djinn/llm_decode_full_djinn_20251125T001220Z.json",
      "data_transfer_mb": 159.13631439208984
    }
  },
  "comparisons": {
    "full_djinn_vs_native": {
      "latency_overhead_pct": 352.0333172031821,
      "throughput_ratio": 0.22317197798938102
    },
    "full_djinn_vs_semantic_blind": {
      "speedup": 0.44119308221859843,
      "data_savings_pct": -127.3972602739726,
      "throughput_improvement": 0.8902368170783294
    },
    "full_djinn_vs_partially_aware": {
      "speedup": 0.8965014947758871,
      "data_savings_pct": 0.0
    }
  }
}