{
  "num_steps": 10,
  "latencies_ms": [
    6.832122802734375,
    6.356239318847656,
    6.340742111206055,
    6.331920623779297,
    6.36601448059082,
    6.310701370239258,
    6.345987319946289,
    6.320953369140625,
    6.320714950561523,
    6.318092346191406
  ],
  "avg_latency_ms": 6.3843488693237305,
  "total_ms": 63.843488693237305,
  "strategy": "no_colocation"
}