{
  "num_steps": 10,
  "latencies_ms": [
    0.7550716400146484,
    0.3809928894042969,
    0.3650188446044922,
    0.36144256591796875,
    0.3581047058105469,
    0.34880638122558594,
    0.3535747528076172,
    0.3581047058105469,
    0.3509521484375,
    0.3485679626464844
  ],
  "avg_latency_ms": 0.39806365966796875,
  "total_ms": 3.9806365966796875,
  "strategy": "with_colocation"
}