{
  "baseline": "native_pytorch",
  "model_id": "gpt2",
  "prompt_tokens": 32,
  "new_tokens": 10,
  "batch_size": 1,
  "runs": [
    {
      "total_ms": 76.58790424466133,
      "per_token_ms": 7.658790424466133,
      "tokens_generated": 10,
      "throughput_tokens_per_s": 130.56892075352832,
      "host_to_device_mb": 0.000244140625,
      "device_to_host_mb": 0.0003204345703125,
      "gpu_util_pct": null,
      "mem_util_pct": null,
      "mem_used_mb": null,
      "generated_text": null,
      "run_id": 1
    },
    {
      "total_ms": 76.13669242709875,
      "per_token_ms": 7.613669242709875,
      "tokens_generated": 10,
      "throughput_tokens_per_s": 131.34271638573014,
      "host_to_device_mb": 0.000244140625,
      "device_to_host_mb": 0.0003204345703125,
      "gpu_util_pct": null,
      "mem_util_pct": null,
      "mem_used_mb": null,
      "generated_text": null,
      "run_id": 2
    },
    {
      "total_ms": 76.18563156574965,
      "per_token_ms": 7.6185631565749645,
      "tokens_generated": 10,
      "throughput_tokens_per_s": 131.2583461537601,
      "host_to_device_mb": 0.000244140625,
      "device_to_host_mb": 0.0003204345703125,
      "gpu_util_pct": null,
      "mem_util_pct": null,
      "mem_used_mb": null,
      "generated_text": null,
      "run_id": 3
    }
  ],
  "aggregates": {
    "total_ms": {
      "mean": 76.30340941250324,
      "median": 76.18563156574965,
      "p95": 76.54767697677016,
      "min": 76.13669242709875,
      "max": 76.58790424466133
    },
    "per_token_ms": {
      "mean": 7.630340941250324,
      "median": 7.6185631565749645,
      "p95": 7.654767697677016,
      "min": 7.613669242709875,
      "max": 7.658790424466133
    },
    "throughput_tokens_per_s": {
      "mean": 131.05666109767284,
      "median": 131.2583461537601,
      "p95": 131.33427936253315,
      "min": 130.56892075352832,
      "max": 131.34271638573014
    }
  },
  "device": "NVIDIA L4",
  "dtype": "float16",
  "backend": "local",
  "djinn_server": null,
  "seed": 42,
  "library_versions": {
    "torch": "2.9.0+cu128",
    "transformers": "4.57.1"
  },
  "meta": {
    "prompt_file": null,
    "prompt_text": null,
    "sample_gpu": false
  }
}