{
  "baseline": "native_pytorch",
  "model_id": "gpt2",
  "prompt_tokens": 32,
  "new_tokens": 10,
  "batch_size": 1,
  "runs": [
    {
      "total_ms": 78.36098410189152,
      "per_token_ms": 7.836098410189152,
      "tokens_generated": 10,
      "throughput_tokens_per_s": 127.61452800282807,
      "host_to_device_mb": 0.000244140625,
      "device_to_host_mb": 0.0003204345703125,
      "gpu_util_pct": null,
      "mem_util_pct": null,
      "mem_used_mb": null,
      "generated_text": null,
      "run_id": 1
    },
    {
      "total_ms": 76.45998056977987,
      "per_token_ms": 7.645998056977987,
      "tokens_generated": 10,
      "throughput_tokens_per_s": 130.78737302154653,
      "host_to_device_mb": 0.000244140625,
      "device_to_host_mb": 0.0003204345703125,
      "gpu_util_pct": null,
      "mem_util_pct": null,
      "mem_used_mb": null,
      "generated_text": null,
      "run_id": 2
    },
    {
      "total_ms": 76.50650944560766,
      "per_token_ms": 7.650650944560766,
      "tokens_generated": 10,
      "throughput_tokens_per_s": 130.7078322153686,
      "host_to_device_mb": 0.000244140625,
      "device_to_host_mb": 0.0003204345703125,
      "gpu_util_pct": null,
      "mem_util_pct": null,
      "mem_used_mb": null,
      "generated_text": null,
      "run_id": 3
    }
  ],
  "aggregates": {
    "total_ms": {
      "mean": 77.10915803909302,
      "median": 76.50650944560766,
      "p95": 78.17553663626313,
      "min": 76.45998056977987,
      "max": 78.36098410189152
    },
    "per_token_ms": {
      "mean": 7.710915803909302,
      "median": 7.650650944560766,
      "p95": 7.817553663626313,
      "min": 7.645998056977987,
      "max": 7.836098410189152
    },
    "throughput_tokens_per_s": {
      "mean": 129.70324441324772,
      "median": 130.7078322153686,
      "p95": 130.77941894092874,
      "min": 127.61452800282807,
      "max": 130.78737302154653
    }
  },
  "device": "NVIDIA L4",
  "dtype": "float16",
  "backend": "local",
  "djinn_server": null,
  "seed": 42,
  "library_versions": {
    "torch": "2.9.0+cu128",
    "transformers": "4.57.1"
  },
  "meta": {
    "prompt_file": null,
    "prompt_text": null,
    "sample_gpu": false
  }
}