{
  "baseline": "phase2_test",
  "model_id": "sshleifer/tiny-gpt2",
  "prompt_tokens": 5,
  "new_tokens": 3,
  "batch_size": 1,
  "runs": [
    {
      "total_ms": 18.689565360546112,
      "per_token_ms": 6.229855120182037,
      "tokens_generated": 3,
      "throughput_tokens_per_s": 160.5173765213949,
      "host_to_device_mb": 0.000274658203125,
      "device_to_host_mb": 1.7254371643066406,
      "gpu_util_pct": null,
      "mem_util_pct": null,
      "mem_used_mb": null,
      "generated_text": "stairs stairs stairs",
      "run_id": 1
    }
  ],
  "aggregates": {
    "total_ms": {
      "mean": 18.689565360546112,
      "median": 18.689565360546112,
      "p95": 18.689565360546112,
      "min": 18.689565360546112,
      "max": 18.689565360546112
    },
    "per_token_ms": {
      "mean": 6.229855120182037,
      "median": 6.229855120182037,
      "p95": 6.229855120182037,
      "min": 6.229855120182037,
      "max": 6.229855120182037
    },
    "throughput_tokens_per_s": {
      "mean": 160.5173765213949,
      "median": 160.5173765213949,
      "p95": 160.5173765213949,
      "min": 160.5173765213949,
      "max": 160.5173765213949
    }
  },
  "device": "Djinn remote (localhost:5556)",
  "dtype": "float16",
  "backend": "djinn",
  "djinn_server": "localhost:5556",
  "seed": 42,
  "library_versions": {
    "torch": "2.9.0+cu128",
    "transformers": "4.57.1"
  },
  "meta": {
    "prompt_file": null,
    "prompt_text": null,
    "sample_gpu": false
  }
}