{
  "baseline": "test",
  "model_id": "sshleifer/tiny-gpt2",
  "prompt_tokens": 5,
  "new_tokens": 3,
  "batch_size": 1,
  "runs": [
    {
      "total_ms": 283.2253510132432,
      "per_token_ms": 94.40845033774774,
      "tokens_generated": 3,
      "throughput_tokens_per_s": 10.592272158079961,
      "host_to_device_mb": 0.000274658203125,
      "device_to_host_mb": 1.7254371643066406,
      "gpu_util_pct": null,
      "mem_util_pct": null,
      "mem_used_mb": null,
      "generated_text": "stairs stairs stairs",
      "run_id": 1
    }
  ],
  "aggregates": {
    "total_ms": {
      "mean": 283.2253510132432,
      "median": 283.2253510132432,
      "p95": 283.2253510132432,
      "min": 283.2253510132432,
      "max": 283.2253510132432
    },
    "per_token_ms": {
      "mean": 94.40845033774774,
      "median": 94.40845033774774,
      "p95": 94.40845033774774,
      "min": 94.40845033774774,
      "max": 94.40845033774774
    },
    "throughput_tokens_per_s": {
      "mean": 10.592272158079961,
      "median": 10.592272158079961,
      "p95": 10.592272158079961,
      "min": 10.592272158079961,
      "max": 10.592272158079961
    }
  },
  "device": "Djinn remote (localhost:5556)",
  "dtype": "float16",
  "backend": "djinn",
  "djinn_server": "localhost:5556",
  "seed": 42,
  "library_versions": {
    "torch": "2.9.0+cu128",
    "transformers": "4.57.1"
  },
  "meta": {
    "prompt_file": null,
    "prompt_text": null,
    "sample_gpu": false
  }
}