{
  "baseline": "native_pytorch",
  "model_id": "gpt2",
  "prompt_tokens": 32,
  "new_tokens": 10,
  "batch_size": 1,
  "runs": [
    {
      "total_ms": 73.82872141897678,
      "per_token_ms": 7.382872141897678,
      "tokens_generated": 10,
      "throughput_tokens_per_s": 135.44864123069615,
      "host_to_device_mb": 0.000244140625,
      "device_to_host_mb": 0.0003204345703125,
      "gpu_util_pct": null,
      "mem_util_pct": null,
      "mem_used_mb": null,
      "generated_text": null,
      "run_id": 1
    },
    {
      "total_ms": 75.39190910756588,
      "per_token_ms": 7.539190910756588,
      "tokens_generated": 10,
      "throughput_tokens_per_s": 132.64022782249003,
      "host_to_device_mb": 0.000244140625,
      "device_to_host_mb": 0.0003204345703125,
      "gpu_util_pct": null,
      "mem_util_pct": null,
      "mem_used_mb": null,
      "generated_text": null,
      "run_id": 2
    },
    {
      "total_ms": 73.01309425383806,
      "per_token_ms": 7.301309425383806,
      "tokens_generated": 10,
      "throughput_tokens_per_s": 136.9617340861339,
      "host_to_device_mb": 0.000244140625,
      "device_to_host_mb": 0.0003204345703125,
      "gpu_util_pct": null,
      "mem_util_pct": null,
      "mem_used_mb": null,
      "generated_text": null,
      "run_id": 3
    }
  ],
  "aggregates": {
    "total_ms": {
      "mean": 74.0779082601269,
      "median": 73.82872141897678,
      "p95": 75.23559033870697,
      "min": 73.01309425383806,
      "max": 75.39190910756588
    },
    "per_token_ms": {
      "mean": 7.407790826012691,
      "median": 7.382872141897678,
      "p95": 7.523559033870697,
      "min": 7.301309425383806,
      "max": 7.539190910756588
    },
    "throughput_tokens_per_s": {
      "mean": 135.0168677131067,
      "median": 135.44864123069615,
      "p95": 136.8104248005901,
      "min": 132.64022782249003,
      "max": 136.9617340861339
    }
  },
  "device": "NVIDIA L4",
  "dtype": "float16",
  "backend": "local",
  "djinn_server": null,
  "seed": 42,
  "library_versions": {
    "torch": "2.9.0+cu128",
    "transformers": "4.57.1"
  },
  "meta": {
    "prompt_file": null,
    "prompt_text": null,
    "sample_gpu": false
  }
}